Workbook

Sheet Tableau de bord
A1: TABLEAU DE BORD - Calcul Salaires Commerciaux
A3: Sélectionner le mois : | B3: Janvier
A5: Données du mois sélectionné :
A6: Employé | B6: Salaire Ref | C6: Appels | D6: RDV | E6: Abonnements | F6: Site | G6: Archivage | H6: Bonus ajusté | I6: Pénalités | J6: Salaire Net
A7: Ekobo Berthe | B7: =Calculs!B9 -> 50000 | C7: =Calculs!C9 -> 100 | D7: =Calculs!D9 -> 10 | E7: =Calculs!E9 -> 1 | F7: =Calculs!G9 -> 0 | G7: =Calculs!H9 -> 0 | H7: =Calculs!G17 -> 0 | I7: =Calculs!I9 -> 0 | J7: =Calculs!G25 -> 13250 | M7: Composante | N7: Total
A8: Marie Martin | B8: =Calculs!B10 -> 3200 | C8: =Calculs!C10 -> 220 | D8: =Calculs!D10 -> 18 | E8: =Calculs!E10 -> 4 | F8: =Calculs!G10 -> 3 | G8: =Calculs!H10 -> 2 | H8: =Calculs!G18 -> 800 | I8: =Calculs!I10 -> 0 | J8: =Calculs!G26 -> 28296 | M8: Appels | N8: =SUM(C7:C11) -> 910
A9: Pierre Durand | B9: =Calculs!B11 -> 2800 | C9: =Calculs!C11 -> 160 | D9: =Calculs!D11 -> 12 | E9: =Calculs!E11 -> 2 | F9: =Calculs!G11 -> 1 | G9: =Calculs!H11 -> 1 | H9: =Calculs!G19 -> 700 | I9: =Calculs!I11 -> 2 | J9: =Calculs!G27 -> 11848 | M9: RDV | N9: =SUM(D7:D11) -> 76
A10: Sophie Leroy | B10: =Calculs!B12 -> 3500 | C10: =Calculs!C12 -> 240 | D10: =Calculs!D12 -> 20 | E10: =Calculs!E12 -> 5 | F10: =Calculs!G12 -> 4 | G10: =Calculs!H12 -> 3 | H10: =Calculs!G20 -> 875 | I10: =Calculs!I12 -> 0 | J10: =Calculs!G28 -> 38675 | M10: Abonnements | N10: =SUM(E7:E11) -> 15
A11: Michel Bernard | B11: =Calculs!B13 -> 2900 | C11: =Calculs!C13 -> 190 | D11: =Calculs!D13 -> 16 | E11: =Calculs!E13 -> 3 | F11: =Calculs!G13 -> 2 | G11: =Calculs!H13 -> 1 | H11: =Calculs!G21 -> 725 | I11: =Calculs!I13 -> 1 | J11: =Calculs!G29 -> 17697 | M11: Site | N11: =SUM(F7:F11) -> 10
M12: Archivage | N12: =SUM(G7:G11) -> 7
M13: Bonus ajusté | N13: =SUM(H7:H11) -> 3100
M14: Pénalités | N14: =SUM(I7:I11) -> 3
A16: INSTRUCTIONS D'UTILISATION: | M16: PARAMÈTRES CONFIGURABLES:
A17: 1. Sélectionnez le mois souhaité dans la liste déroulante (B3) | M17: • Modifiez l'onglet 'Paramètres' pour ajuster:
A18: 2. Les graphiques et données se mettent à jour automatiquement | M18: - Objectifs d'appels, RDV, abonnements
A19: 3. Utilisez les onglets mensuels pour saisir les performances | M19: - Pourcentages de bonus et pénalités
A20: 4. Les validations empêchent la saisie de données incorrectes | G20: Graphique 2: Répartition des composantes
A21: 5. L'onglet Calculs contient toutes les formules automatisées

Sheet 01_Janvier
A1: Performances commerciales - Janvier 2025
A2: Nom | B2: Salaire de référence | C2: Appels | D2: RDV honorés | E2: Abonnements annuels | F2: Abonnements mensuels | G2: Ventes Site web | H2: Ventes Archivage | I2: Absences non justifiées (jours) | J2: Absences réunions (nb)
A3: Ekobo Berthe | B3: 50000 | C3: 100 | D3: 10 | E3: 1 | F3: 1 | G3: 0 | H3: 0 | I3: 0 | J3: 0
A4: Marie Martin | B4: 3200 | C4: 220 | D4: 18 | E4: 4 | F4: 6 | G4: 3 | H4: 2 | I4: 0 | J4: 1
A5: Pierre Durand | B5: 2800 | C5: 160 | D5: 12 | E5: 2 | F5: 3 | G5: 1 | H5: 1 | I5: 2 | J5: 1
A6: Sophie Leroy | B6: 3500 | C6: 240 | D6: 20 | E6: 5 | F6: 8 | G6: 4 | H6: 3 | I6: 0 | J6: 0
A7: Michel Bernard | B7: 2900 | C7: 190 | D7: 16 | E7: 3 | F7: 4 | G7: 2 | H7: 1 | I7: 1 | J7: 1

Sheet 02_Février
A1: Performances commerciales - Février 2025
A2: Nom | B2: Salaire de référence | C2: Appels | D2: RDV honorés | E2: Abonnements annuels | F2: Abonnements mensuels | G2: Ventes Site web | H2: Ventes Archivage | I2: Absences non justifiées (jours) | J2: Absences réunions (nb)
A3: Ekobo Berthe | B3: 50000 | C3: 0 | D3: 0 | E3: 0 | F3: 0 | G3: 0 | H3: 0 | I3: 0 | J3: 0
A4: Marie Martin | B4: 3000 | C4: 0 | D4: 0 | E4: 0 | F4: 0 | G4: 0 | H4: 0 | I4: 0 | J4: 0
A5: Pierre Durand | B5: 3000 | C5: 0 | D5: 0 | E5: 0 | F5: 0 | G5: 0 | H5: 0 | I5: 0 | J5: 0
A6: Sophie Leroy | B6: 3000 | C6: 0 | D6: 0 | E6: 0 | F6: 0 | G6: 0 | H6: 0 | I6: 0 | J6: 0
A7: Michel Bernard | B7: 3000 | C7: 0 | D7: 0 | E7: 0 | F7: 0 | G7: 0 | H7: 0 | I7: 0 | J7: 0

Sheet 03_Mars
A1: Performances commerciales - Mars 2025
A2: Nom | B2: Salaire de référence | C2: Appels | D2: RDV honorés | E2: Abonnements annuels | F2: Abonnements mensuels | G2: Ventes Site web | H2: Ventes Archivage | I2: Absences non justifiées (jours) | J2: Absences réunions (nb)
A3: Ekobo Berthe | B3: 50000 | C3: 0 | D3: 0 | E3: 0 | F3: 0 | G3: 0 | H3: 0 | I3: 0 | J3: 0
A4: Marie Martin | B4: 3000 | C4: 0 | D4: 0 | E4: 0 | F4: 0 | G4: 0 | H4: 0 | I4: 0 | J4: 0
A5: Pierre Durand | B5: 3000 | C5: 0 | D5: 0 | E5: 0 | F5: 0 | G5: 0 | H5: 0 | I5: 0 | J5: 0
A6: Sophie Leroy | B6: 3000 | C6: 0 | D6: 0 | E6: 0 | F6: 0 | G6: 0 | H6: 0 | I6: 0 | J6: 0
A7: Michel Bernard | B7: 3000 | C7: 0 | D7: 0 | E7: 0 | F7: 0 | G7: 0 | H7: 0 | I7: 0 | J7: 0

Sheet 04_Avril
A1: Performances commerciales - Avril 2025
A2: Nom | B2: Salaire de référence | C2: Appels | D2: RDV honorés | E2: Abonnements annuels | F2: Abonnements mensuels | G2: Ventes Site web | H2: Ventes Archivage | I2: Absences non justifiées (jours) | J2: Absences réunions (nb)
A3: Ekobo Berthe | B3: 50000 | C3: 0 | D3: 0 | E3: 0 | F3: 0 | G3: 0 | H3: 0 | I3: 0 | J3: 0
A4: Marie Martin | B4: 3000 | C4: 0 | D4: 0 | E4: 0 | F4: 0 | G4: 0 | H4: 0 | I4: 0 | J4: 0
A5: Pierre Durand | B5: 3000 | C5: 0 | D5: 0 | E5: 0 | F5: 0 | G5: 0 | H5: 0 | I5: 0 | J5: 0
A6: Sophie Leroy | B6: 3000 | C6: 0 | D6: 0 | E6: 0 | F6: 0 | G6: 0 | H6: 0 | I6: 0 | J6: 0
A7: Michel Bernard | B7: 3000 | C7: 0 | D7: 0 | E7: 0 | F7: 0 | G7: 0 | H7: 0 | I7: 0 | J7: 0

Sheet 05_Mai
A1: Performances commerciales - Mai 2025
A2: Nom | B2: Salaire de référence | C2: Appels | D2: RDV honorés | E2: Abonnements annuels | F2: Abonnements mensuels | G2: Ventes Site web | H2: Ventes Archivage | I2: Absences non justifiées (jours) | J2: Absences réunions (nb)
A3: Ekobo Berthe | B3: 50000 | C3: 0 | D3: 0 | E3: 0 | F3: 0 | G3: 0 | H3: 0 | I3: 0 | J3: 0
A4: Marie Martin | B4: 3000 | C4: 0 | D4: 0 | E4: 0 | F4: 0 | G4: 0 | H4: 0 | I4: 0 | J4: 0
A5: Pierre Durand | B5: 3000 | C5: 0 | D5: 0 | E5: 0 | F5: 0 | G5: 0 | H5: 0 | I5: 0 | J5: 0
A6: Sophie Leroy | B6: 3000 | C6: 0 | D6: 0 | E6: 0 | F6: 0 | G6: 0 | H6: 0 | I6: 0 | J6: 0
A7: Michel Bernard | B7: 3000 | C7: 0 | D7: 0 | E7: 0 | F7: 0 | G7: 0 | H7: 0 | I7: 0 | J7: 0

Sheet 06_Juin
A1: Performances commerciales - Juin 2025
A2: Nom | B2: Salaire de référence | C2: Appels | D2: RDV honorés | E2: Abonnements annuels | F2: Abonnements mensuels | G2: Ventes Site web | H2: Ventes Archivage | I2: Absences non justifiées (jours) | J2: Absences réunions (nb)
A3: Ekobo Berthe | B3: 50000 | C3: 0 | D3: 0 | E3: 0 | F3: 0 | G3: 0 | H3: 0 | I3: 0 | J3: 0
A4: Marie Martin | B4: 3000 | C4: 0 | D4: 0 | E4: 0 | F4: 0 | G4: 0 | H4: 0 | I4: 0 | J4: 0
A5: Pierre Durand | B5: 3000 | C5: 0 | D5: 0 | E5: 0 | F5: 0 | G5: 0 | H5: 0 | I5: 0 | J5: 0
A6: Sophie Leroy | B6: 3000 | C6: 0 | D6: 0 | E6: 0 | F6: 0 | G6: 0 | H6: 0 | I6: 0 | J6: 0
A7: Michel Bernard | B7: 3000 | C7: 0 | D7: 0 | E7: 0 | F7: 0 | G7: 0 | H7: 0 | I7: 0 | J7: 0

Sheet 07_Juillet
A1: Performances commerciales - Juillet 2025
A2: Nom | B2: Salaire de référence | C2: Appels | D2: RDV honorés | E2: Abonnements annuels | F2: Abonnements mensuels | G2: Ventes Site web | H2: Ventes Archivage | I2: Absences non justifiées (jours) | J2: Absences réunions (nb)
A3: Ekobo Berthe | B3: 50000 | C3: 0 | D3: 0 | E3: 0 | F3: 0 | G3: 0 | H3: 0 | I3: 0 | J3: 0
A4: Marie Martin | B4: 3000 | C4: 0 | D4: 0 | E4: 0 | F4: 0 | G4: 0 | H4: 0 | I4: 0 | J4: 0
A5: Pierre Durand | B5: 3000 | C5: 0 | D5: 0 | E5: 0 | F5: 0 | G5: 0 | H5: 0 | I5: 0 | J5: 0
A6: Sophie Leroy | B6: 3000 | C6: 0 | D6: 0 | E6: 0 | F6: 0 | G6: 0 | H6: 0 | I6: 0 | J6: 0
A7: Michel Bernard | B7: 3000 | C7: 0 | D7: 0 | E7: 0 | F7: 0 | G7: 0 | H7: 0 | I7: 0 | J7: 0

Sheet 08_Août
A1: Performances commerciales - Août 2025
A2: Nom | B2: Salaire de référence | C2: Appels | D2: RDV honorés | E2: Abonnements annuels | F2: Abonnements mensuels | G2: Ventes Site web | H2: Ventes Archivage | I2: Absences non justifiées (jours) | J2: Absences réunions (nb)
A3: Ekobo Berthe | B3: 50000 | C3: 0 | D3: 0 | E3: 0 | F3: 0 | G3: 0 | H3: 0 | I3: 0 | J3: 0
A4: Marie Martin | B4: 3000 | C4: 0 | D4: 0 | E4: 0 | F4: 0 | G4: 0 | H4: 0 | I4: 0 | J4: 0
A5: Pierre Durand | B5: 3000 | C5: 0 | D5: 0 | E5: 0 | F5: 0 | G5: 0 | H5: 0 | I5: 0 | J5: 0
A6: Sophie Leroy | B6: 3000 | C6: 0 | D6: 0 | E6: 0 | F6: 0 | G6: 0 | H6: 0 | I6: 0 | J6: 0
A7: Michel Bernard | B7: 3000 | C7: 0 | D7: 0 | E7: 0 | F7: 0 | G7: 0 | H7: 0 | I7: 0 | J7: 0

Sheet 09_Septembre
A1: Performances commerciales - Septembre 2025
A2: Nom | B2: Salaire de référence | C2: Appels | D2: RDV honorés | E2: Abonnements annuels | F2: Abonnements mensuels | G2: Ventes Site web | H2: Ventes Archivage | I2: Absences non justifiées (jours) | J2: Absences réunions (nb)
A3: Ekobo Berthe | B3: 50000 | C3: 0 | D3: 0 | E3: 0 | F3: 0 | G3: 0 | H3: 0 | I3: 0 | J3: 0
A4: Marie Martin | B4: 3000 | C4: 0 | D4: 0 | E4: 0 | F4: 0 | G4: 0 | H4: 0 | I4: 0 | J4: 0
A5: Pierre Durand | B5: 3000 | C5: 0 | D5: 0 | E5: 0 | F5: 0 | G5: 0 | H5: 0 | I5: 0 | J5: 0
A6: Sophie Leroy | B6: 3000 | C6: 0 | D6: 0 | E6: 0 | F6: 0 | G6: 0 | H6: 0 | I6: 0 | J6: 0
A7: Michel Bernard | B7: 3000 | C7: 0 | D7: 0 | E7: 0 | F7: 0 | G7: 0 | H7: 0 | I7: 0 | J7: 0

Sheet 10_Octobre
A1: Performances commerciales - Octobre 2025
A2: Nom | B2: Salaire de référence | C2: Appels | D2: RDV honorés | E2: Abonnements annuels | F2: Abonnements mensuels | G2: Ventes Site web | H2: Ventes Archivage | I2: Absences non justifiées (jours) | J2: Absences réunions (nb)
A3: Ekobo Berthe | B3: 50000 | C3: 0 | D3: 0 | E3: 0 | F3: 0 | G3: 0 | H3: 0 | I3: 0 | J3: 0
A4: Marie Martin | B4: 3000 | C4: 0 | D4: 0 | E4: 0 | F4: 0 | G4: 0 | H4: 0 | I4: 0 | J4: 0
A5: Pierre Durand | B5: 3000 | C5: 0 | D5: 0 | E5: 0 | F5: 0 | G5: 0 | H5: 0 | I5: 0 | J5: 0
A6: Sophie Leroy | B6: 3000 | C6: 0 | D6: 0 | E6: 0 | F6: 0 | G6: 0 | H6: 0 | I6: 0 | J6: 0
A7: Michel Bernard | B7: 3000 | C7: 0 | D7: 0 | E7: 0 | F7: 0 | G7: 0 | H7: 0 | I7: 0 | J7: 0

Sheet 11_Novembre
A1: Performances commerciales - Novembre 2025
A2: Nom | B2: Salaire de référence | C2: Appels | D2: RDV honorés | E2: Abonnements annuels | F2: Abonnements mensuels | G2: Ventes Site web | H2: Ventes Archivage | I2: Absences non justifiées (jours) | J2: Absences réunions (nb)
A3: Ekobo Berthe | B3: 50000 | C3: 0 | D3: 0 | E3: 0 | F3: 0 | G3: 0 | H3: 0 | I3: 0 | J3: 0
A4: Marie Martin | B4: 3000 | C4: 0 | D4: 0 | E4: 0 | F4: 0 | G4: 0 | H4: 0 | I4: 0 | J4: 0
A5: Pierre Durand | B5: 3000 | C5: 0 | D5: 0 | E5: 0 | F5: 0 | G5: 0 | H5: 0 | I5: 0 | J5: 0
A6: Sophie Leroy | B6: 3000 | C6: 0 | D6: 0 | E6: 0 | F6: 0 | G6: 0 | H6: 0 | I6: 0 | J6: 0
A7: Michel Bernard | B7: 3000 | C7: 0 | D7: 0 | E7: 0 | F7: 0 | G7: 0 | H7: 0 | I7: 0 | J7: 0

Sheet 12_Décembre
A1: Performances commerciales - Décembre 2025
A2: Nom | B2: Salaire de référence | C2: Appels | D2: RDV honorés | E2: Abonnements annuels | F2: Abonnements mensuels | G2: Ventes Site web | H2: Ventes Archivage | I2: Absences non justifiées (jours) | J2: Absences réunions (nb)
A3: Ekobo Berthe | B3: 50000 | C3: 0 | D3: 0 | E3: 0 | F3: 0 | G3: 0 | H3: 0 | I3: 0 | J3: 0
A4: Marie Martin | B4: 3000 | C4: 0 | D4: 0 | E4: 0 | F4: 0 | G4: 0 | H4: 0 | I4: 0 | J4: 0
A5: Pierre Durand | B5: 3000 | C5: 0 | D5: 0 | E5: 0 | F5: 0 | G5: 0 | H5: 0 | I5: 0 | J5: 0
A6: Sophie Leroy | B6: 3000 | C6: 0 | D6: 0 | E6: 0 | F6: 0 | G6: 0 | H6: 0 | I6: 0 | J6: 0
A7: Michel Bernard | B7: 3000 | C7: 0 | D7: 0 | E7: 0 | F7: 0 | G7: 0 | H7: 0 | I7: 0 | J7: 0

Sheet Paramètres
A1: Paramètres – Objectifs et règles
A2: Libellé | B2: Valeur
A3: Appels requis / mois | B3: 200
A4: Seuil minimum d'appels pour prime | B4: 150
A5: RDV honorés requis / mois | B5: 16
A6: Abonnements requis / mois | B6: 4
A7: Pondération abonnement mensuel | B7: 0.4
A8: Bonus full package (% du salaire) | B8: 0.25
A9: Pénalité absence non justifiée (%/jour) | B9: 0.1
A10: Pénalité absence réunion (%/absence) | B10: 0.02

Sheet Calculs
A1: INSTRUCTIONS: Sélectionnez un mois dans la liste déroulante B5 pour voir les calculs automatiques
A2: CALCUL DE SALAIRES COMMERCIAUX - SÉLECTEUR DE MOIS
A4: SÉLECTION DU MOIS | B4: Janvier
A5: Mois sélectionné: | B5: =B4 -> Janvier
A7: Nom | B7: Salaire de référence | C7: Appels | D7: RDV honorés | E7: Abonnements annuels | F7: Abonnements mensuels | G7: Ventes Site web | H7: Ventes Archivage | I7: Absences non justifiées (jours) | J7: Absences réunions (nb)
A9: =INDIRECT(CONCATENATE(IF(B4="Janvier","01_Janvier",IF(B4="Février","02_Février",IF(B4="Mars","03_Mars",IF(B4="Avril","04_Avril",IF(B4="Mai","05_Mai",IF(B4="Juin","06_Juin",IF(B4="Juillet","07_Juillet",IF(B4="Août","08_Août",IF(B4="Septembre","09_Septembre",IF(B4="Octobre","10_Octobre",IF(B4="Novembre","11_Novembre","12_Décembre"))))))))))),"!A3")) -> Ekobo Berthe | B9: =INDIRECT(CONCATENATE(IF(B4="Janvier","01_Janvier",IF(B4="Février","02_Février",IF(B4="Mars","03_Mars",IF(B4="Avril","04_Avril",IF(B4="Mai","05_Mai",IF(B4="Juin","06_Juin",IF(B4="Juillet","07_Juillet",IF(B4="Août","08_Août",IF(B4="Septembre","09_Septembre",IF(B4="Octobre","10_Octobre",IF(B4="Novembre","11_Novembre","12_Décembre"))))))))))),"!B3")) -> 50000 | C9: =INDIRECT(CONCATENATE(IF(B4="Janvier","01_Janvier",IF(B4="Février","02_Février",IF(B4="Mars","03_Mars",IF(B4="Avril","04_Avril",IF(B4="Mai","05_Mai",IF(B4="Juin","06_Juin",IF(B4="Juillet","07_Juillet",IF(B4="Août","08_Août",IF(B4="Septembre","09_Septembre",IF(B4="Octobre","10_Octobre",IF(B4="Novembre","11_Novembre","12_Décembre"))))))))))),"!C3")) -> 100 | D9: =INDIRECT(CONCATENATE(IF(B4="Janvier","01_Janvier",IF(B4="Février","02_Février",IF(B4="Mars","03_Mars",IF(B4="Avril","04_Avril",IF(B4="Mai","05_Mai",IF(B4="Juin","06_Juin",IF(B4="Juillet","07_Juillet",IF(B4="Août","08_Août",IF(B4="Septembre","09_Septembre",IF(B4="Octobre","10_Octobre",IF(B4="Novembre","11_Novembre","12_Décembre"))))))))))),"!D3")) -> 10 | E9: =INDIRECT(CONCATENATE(IF(B4="Janvier","01_Janvier",IF(B4="Février","02_Février",IF(B4="Mars","03_Mars",IF(B4="Avril","04_Avril",IF(B4="Mai","05_Mai",IF(B4="Juin","06_Juin",IF(B4="Juillet","07_Juillet",IF(B4="Août","08_Août",IF(B4="Septembre","09_Septembre",IF(B4="Octobre","10_Octobre",IF(B4="Novembre","11_Novembre","12_Décembre"))))))))))),"!E3")) -> 1 | F9: =INDIRECT(CONCATENATE(IF(B4="Janvier","01_Janvier",IF(B4="Février","02_Février",IF(B4="Mars","03_Mars",IF(B4="Avril","04_Avril",IF(B4="Mai","05_Mai",IF(B4="Juin","06_Juin",IF(B4="Juillet","07_Juillet",IF(B4="Août","08_Août",IF(B4="Septembre","09_Septembre",IF(B4="Octobre","10_Octobre",IF(B4="Novembre","11_Novembre","12_Décembre"))))))))))),"!F3")) -> 1 | G9: =INDIRECT(CONCATENATE(IF(B4="Janvier","01_Janvier",IF(B4="Février","02_Février",IF(B4="Mars","03_Mars",IF(B4="Avril","04_Avril",IF(B4="Mai","05_Mai",IF(B4="Juin","06_Juin",IF(B4="Juillet","07_Juillet",IF(B4="Août","08_Août",IF(B4="Septembre","09_Septembre",IF(B4="Octobre","10_Octobre",IF(B4="Novembre","11_Novembre","12_Décembre"))))))))))),"!G3")) -> 0 | H9: =INDIRECT(CONCATENATE(IF(B4="Janvier","01_Janvier",IF(B4="Février","02_Février",IF(B4="Mars","03_Mars",IF(B4="Avril","04_Avril",IF(B4="Mai","05_Mai",IF(B4="Juin","06_Juin",IF(B4="Juillet","07_Juillet",IF(B4="Août","08_Août",IF(B4="Septembre","09_Septembre",IF(B4="Octobre","10_Octobre",IF(B4="Novembre","11_Novembre","12_Décembre"))))))))))),"!H3")) -> 0 | I9: =INDIRECT(CONCATENATE(IF(B4="Janvier","01_Janvier",IF(B4="Février","02_Février",IF(B4="Mars","03_Mars",IF(B4="Avril","04_Avril",IF(B4="Mai","05_Mai",IF(B4="Juin","06_Juin",IF(B4="Juillet","07_Juillet",IF(B4="Août","08_Août",IF(B4="Septembre","09_Septembre",IF(B4="Octobre","10_Octobre",IF(B4="Novembre","11_Novembre","12_Décembre"))))))))))),"!I3")) -> 0 | J9: =INDIRECT(CONCATENATE(IF(B4="Janvier","01_Janvier",IF(B4="Février","02_Février",IF(B4="Mars","03_Mars",IF(B4="Avril","04_Avril",IF(B4="Mai","05_Mai",IF(B4="Juin","06_Juin",IF(B4="Juillet","07_Juillet",IF(B4="Août","08_Août",IF(B4="Septembre","09_Septembre",IF(B4="Octobre","10_Octobre",IF(B4="Novembre","11_Novembre","12_Décembre"))))))))))),"!J3")) -> 0
A10: =INDIRECT(CONCATENATE(IF(B4="Janvier","01_Janvier",IF(B4="Février","02_Février",IF(B4="Mars","03_Mars",IF(B4="Avril","04_Avril",IF(B4="Mai","05_Mai",IF(B4="Juin","06_Juin",IF(B4="Juillet","07_Juillet",IF(B4="Août","08_Août",IF(B4="Septembre","09_Septembre",IF(B4="Octobre","10_Octobre",IF(B4="Novembre","11_Novembre","12_Décembre"))))))))))),"!A4")) -> Marie Martin | B10: =INDIRECT(CONCATENATE(IF(B4="Janvier","01_Janvier",IF(B4="Février","02_Février",IF(B4="Mars","03_Mars",IF(B4="Avril","04_Avril",IF(B4="Mai","05_Mai",IF(B4="Juin","06_Juin",IF(B4="Juillet","07_Juillet",IF(B4="Août","08_Août",IF(B4="Septembre","09_Septembre",IF(B4="Octobre","10_Octobre",IF(B4="Novembre","11_Novembre","12_Décembre"))))))))))),"!B4")) -> 3200 | C10: =INDIRECT(CONCATENATE(IF(B4="Janvier","01_Janvier",IF(B4="Février","02_Février",IF(B4="Mars","03_Mars",IF(B4="Avril","04_Avril",IF(B4="Mai","05_Mai",IF(B4="Juin","06_Juin",IF(B4="Juillet","07_Juillet",IF(B4="Août","08_Août",IF(B4="Septembre","09_Septembre",IF(B4="Octobre","10_Octobre",IF(B4="Novembre","11_Novembre","12_Décembre"))))))))))),"!C4")) -> 220 | D10: =INDIRECT(CONCATENATE(IF(B4="Janvier","01_Janvier",IF(B4="Février","02_Février",IF(B4="Mars","03_Mars",IF(B4="Avril","04_Avril",IF(B4="Mai","05_Mai",IF(B4="Juin","06_Juin",IF(B4="Juillet","07_Juillet",IF(B4="Août","08_Août",IF(B4="Septembre","09_Septembre",IF(B4="Octobre","10_Octobre",IF(B4="Novembre","11_Novembre","12_Décembre"))))))))))),"!D4")) -> 18 | E10: =INDIRECT(CONCATENATE(IF(B4="Janvier","01_Janvier",IF(B4="Février","02_Février",IF(B4="Mars","03_Mars",IF(B4="Avril","04_Avril",IF(B4="Mai","05_Mai",IF(B4="Juin","06_Juin",IF(B4="Juillet","07_Juillet",IF(B4="Août","08_Août",IF(B4="Septembre","09_Septembre",IF(B4="Octobre","10_Octobre",IF(B4="Novembre","11_Novembre","12_Décembre"))))))))))),"!E4")) -> 4 | F10: =INDIRECT(CONCATENATE(IF(B4="Janvier","01_Janvier",IF(B4="Février","02_Février",IF(B4="Mars","03_Mars",IF(B4="Avril","04_Avril",IF(B4="Mai","05_Mai",IF(B4="Juin","06_Juin",IF(B4="Juillet","07_Juillet",IF(B4="Août","08_Août",IF(B4="Septembre","09_Septembre",IF(B4="Octobre","10_Octobre",IF(B4="Novembre","11_Novembre","12_Décembre"))))))))))),"!F4")) -> 6 | G10: =INDIRECT(CONCATENATE(IF(B4="Janvier","01_Janvier",IF(B4="Février","02_Février",IF(B4="Mars","03_Mars",IF(B4="Avril","04_Avril",IF(B4="Mai","05_Mai",IF(B4="Juin","06_Juin",IF(B4="Juillet","07_Juillet",IF(B4="Août","08_Août",IF(B4="Septembre","09_Septembre",IF(B4="Octobre","10_Octobre",IF(B4="Novembre","11_Novembre","12_Décembre"))))))))))),"!G4")) -> 3 | H10: =INDIRECT(CONCATENATE(IF(B4="Janvier","01_Janvier",IF(B4="Février","02_Février",IF(B4="Mars","03_Mars",IF(B4="Avril","04_Avril",IF(B4="Mai","05_Mai",IF(B4="Juin","06_Juin",IF(B4="Juillet","07_Juillet",IF(B4="Août","08_Août",IF(B4="Septembre","09_Septembre",IF(B4="Octobre","10_Octobre",IF(B4="Novembre","11_Novembre","12_Décembre"))))))))))),"!H4")) -> 2 | I10: =INDIRECT(CONCATENATE(IF(B4="Janvier","01_Janvier",IF(B4="Février","02_Février",IF(B4="Mars","03_Mars",IF(B4="Avril","04_Avril",IF(B4="Mai","05_Mai",IF(B4="Juin","06_Juin",IF(B4="Juillet","07_Juillet",IF(B4="Août","08_Août",IF(B4="Septembre","09_Septembre",IF(B4="Octobre","10_Octobre",IF(B4="Novembre","11_Novembre","12_Décembre"))))))))))),"!I4")) -> 0 | J10: =INDIRECT(CONCATENATE(IF(B4="Janvier","01_Janvier",IF(B4="Février","02_Février",IF(B4="Mars","03_Mars",IF(B4="Avril","04_Avril",IF(B4="Mai","05_Mai",IF(B4="Juin","06_Juin",IF(B4="Juillet","07_Juillet",IF(B4="Août","08_Août",IF(B4="Septembre","09_Septembre",IF(B4="Octobre","10_Octobre",IF(B4="Novembre","11_Novembre","12_Décembre"))))))))))),"!J4")) -> 1
A11: =INDIRECT(CONCATENATE(IF(B4="Janvier","01_Janvier",IF(B4="Février","02_Février",IF(B4="Mars","03_Mars",IF(B4="Avril","04_Avril",IF(B4="Mai","05_Mai",IF(B4="Juin","06_Juin",IF(B4="Juillet","07_Juillet",IF(B4="Août","08_Août",IF(B4="Septembre","09_Septembre",IF(B4="Octobre","10_Octobre",IF(B4="Novembre","11_Novembre","12_Décembre"))))))))))),"!A5")) -> Pierre Durand | B11: =INDIRECT(CONCATENATE(IF(B4="Janvier","01_Janvier",IF(B4="Février","02_Février",IF(B4="Mars","03_Mars",IF(B4="Avril","04_Avril",IF(B4="Mai","05_Mai",IF(B4="Juin","06_Juin",IF(B4="Juillet","07_Juillet",IF(B4="Août","08_Août",IF(B4="Septembre","09_Septembre",IF(B4="Octobre","10_Octobre",IF(B4="Novembre","11_Novembre","12_Décembre"))))))))))),"!B5")) -> 2800 | C11: =INDIRECT(CONCATENATE(IF(B4="Janvier","01_Janvier",IF(B4="Février","02_Février",IF(B4="Mars","03_Mars",IF(B4="Avril","04_Avril",IF(B4="Mai","05_Mai",IF(B4="Juin","06_Juin",IF(B4="Juillet","07_Juillet",IF(B4="Août","08_Août",IF(B4="Septembre","09_Septembre",IF(B4="Octobre","10_Octobre",IF(B4="Novembre","11_Novembre","12_Décembre"))))))))))),"!C5")) -> 160 | D11: =INDIRECT(CONCATENATE(IF(B4="Janvier","01_Janvier",IF(B4="Février","02_Février",IF(B4="Mars","03_Mars",IF(B4="Avril","04_Avril",IF(B4="Mai","05_Mai",IF(B4="Juin","06_Juin",IF(B4="Juillet","07_Juillet",IF(B4="Août","08_Août",IF(B4="Septembre","09_Septembre",IF(B4="Octobre","10_Octobre",IF(B4="Novembre","11_Novembre","12_Décembre"))))))))))),"!D5")) -> 12 | E11: =INDIRECT(CONCATENATE(IF(B4="Janvier","01_Janvier",IF(B4="Février","02_Février",IF(B4="Mars","03_Mars",IF(B4="Avril","04_Avril",IF(B4="Mai","05_Mai",IF(B4="Juin","06_Juin",IF(B4="Juillet","07_Juillet",IF(B4="Août","08_Août",IF(B4="Septembre","09_Septembre",IF(B4="Octobre","10_Octobre",IF(B4="Novembre","11_Novembre","12_Décembre"))))))))))),"!E5")) -> 2 | F11: =INDIRECT(CONCATENATE(IF(B4="Janvier","01_Janvier",IF(B4="Février","02_Février",IF(B4="Mars","03_Mars",IF(B4="Avril","04_Avril",IF(B4="Mai","05_Mai",IF(B4="Juin","06_Juin",IF(B4="Juillet","07_Juillet",IF(B4="Août","08_Août",IF(B4="Septembre","09_Septembre",IF(B4="Octobre","10_Octobre",IF(B4="Novembre","11_Novembre","12_Décembre"))))))))))),"!F5")) -> 3 | G11: =INDIRECT(CONCATENATE(IF(B4="Janvier","01_Janvier",IF(B4="Février","02_Février",IF(B4="Mars","03_Mars",IF(B4="Avril","04_Avril",IF(B4="Mai","05_Mai",IF(B4="Juin","06_Juin",IF(B4="Juillet","07_Juillet",IF(B4="Août","08_Août",IF(B4="Septembre","09_Septembre",IF(B4="Octobre","10_Octobre",IF(B4="Novembre","11_Novembre","12_Décembre"))))))))))),"!G5")) -> 1 | H11: =INDIRECT(CONCATENATE(IF(B4="Janvier","01_Janvier",IF(B4="Février","02_Février",IF(B4="Mars","03_Mars",IF(B4="Avril","04_Avril",IF(B4="Mai","05_Mai",IF(B4="Juin","06_Juin",IF(B4="Juillet","07_Juillet",IF(B4="Août","08_Août",IF(B4="Septembre","09_Septembre",IF(B4="Octobre","10_Octobre",IF(B4="Novembre","11_Novembre","12_Décembre"))))))))))),"!H5")) -> 1 | I11: =INDIRECT(CONCATENATE(IF(B4="Janvier","01_Janvier",IF(B4="Février","02_Février",IF(B4="Mars","03_Mars",IF(B4="Avril","04_Avril",IF(B4="Mai","05_Mai",IF(B4="Juin","06_Juin",IF(B4="Juillet","07_Juillet",IF(B4="Août","08_Août",IF(B4="Septembre","09_Septembre",IF(B4="Octobre","10_Octobre",IF(B4="Novembre","11_Novembre","12_Décembre"))))))))))),"!I5")) -> 2 | J11: =INDIRECT(CONCATENATE(IF(B4="Janvier","01_Janvier",IF(B4="Février","02_Février",IF(B4="Mars","03_Mars",IF(B4="Avril","04_Avril",IF(B4="Mai","05_Mai",IF(B4="Juin","06_Juin",IF(B4="Juillet","07_Juillet",IF(B4="Août","08_Août",IF(B4="Septembre","09_Septembre",IF(B4="Octobre","10_Octobre",IF(B4="Novembre","11_Novembre","12_Décembre"))))))))))),"!J5")) -> 1
A12: =INDIRECT(CONCATENATE(IF(B4="Janvier","01_Janvier",IF(B4="Février","02_Février",IF(B4="Mars","03_Mars",IF(B4="Avril","04_Avril",IF(B4="Mai","05_Mai",IF(B4="Juin","06_Juin",IF(B4="Juillet","07_Juillet",IF(B4="Août","08_Août",IF(B4="Septembre","09_Septembre",IF(B4="Octobre","10_Octobre",IF(B4="Novembre","11_Novembre","12_Décembre"))))))))))),"!A6")) -> Sophie Leroy | B12: =INDIRECT(CONCATENATE(IF(B4="Janvier","01_Janvier",IF(B4="Février","02_Février",IF(B4="Mars","03_Mars",IF(B4="Avril","04_Avril",IF(B4="Mai","05_Mai",IF(B4="Juin","06_Juin",IF(B4="Juillet","07_Juillet",IF(B4="Août","08_Août",IF(B4="Septembre","09_Septembre",IF(B4="Octobre","10_Octobre",IF(B4="Novembre","11_Novembre","12_Décembre"))))))))))),"!B6")) -> 3500 | C12: =INDIRECT(CONCATENATE(IF(B4="Janvier","01_Janvier",IF(B4="Février","02_Février",IF(B4="Mars","03_Mars",IF(B4="Avril","04_Avril",IF(B4="Mai","05_Mai",IF(B4="Juin","06_Juin",IF(B4="Juillet","07_Juillet",IF(B4="Août","08_Août",IF(B4="Septembre","09_Septembre",IF(B4="Octobre","10_Octobre",IF(B4="Novembre","11_Novembre","12_Décembre"))))))))))),"!C6")) -> 240 | D12: =INDIRECT(CONCATENATE(IF(B4="Janvier","01_Janvier",IF(B4="Février","02_Février",IF(B4="Mars","03_Mars",IF(B4="Avril","04_Avril",IF(B4="Mai","05_Mai",IF(B4="Juin","06_Juin",IF(B4="Juillet","07_Juillet",IF(B4="Août","08_Août",IF(B4="Septembre","09_Septembre",IF(B4="Octobre","10_Octobre",IF(B4="Novembre","11_Novembre","12_Décembre"))))))))))),"!D6")) -> 20 | E12: =INDIRECT(CONCATENATE(IF(B4="Janvier","01_Janvier",IF(B4="Février","02_Février",IF(B4="Mars","03_Mars",IF(B4="Avril","04_Avril",IF(B4="Mai","05_Mai",IF(B4="Juin","06_Juin",IF(B4="Juillet","07_Juillet",IF(B4="Août","08_Août",IF(B4="Septembre","09_Septembre",IF(B4="Octobre","10_Octobre",IF(B4="Novembre","11_Novembre","12_Décembre"))))))))))),"!E6")) -> 5 | F12: =INDIRECT(CONCATENATE(IF(B4="Janvier","01_Janvier",IF(B4="Février","02_Février",IF(B4="Mars","03_Mars",IF(B4="Avril","04_Avril",IF(B4="Mai","05_Mai",IF(B4="Juin","06_Juin",IF(B4="Juillet","07_Juillet",IF(B4="Août","08_Août",IF(B4="Septembre","09_Septembre",IF(B4="Octobre","10_Octobre",IF(B4="Novembre","11_Novembre","12_Décembre"))))))))))),"!F6")) -> 8 | G12: =INDIRECT(CONCATENATE(IF(B4="Janvier","01_Janvier",IF(B4="Février","02_Février",IF(B4="Mars","03_Mars",IF(B4="Avril","04_Avril",IF(B4="Mai","05_Mai",IF(B4="Juin","06_Juin",IF(B4="Juillet","07_Juillet",IF(B4="Août","08_Août",IF(B4="Septembre","09_Septembre",IF(B4="Octobre","10_Octobre",IF(B4="Novembre","11_Novembre","12_Décembre"))))))))))),"!G6")) -> 4 | H12: =INDIRECT(CONCATENATE(IF(B4="Janvier","01_Janvier",IF(B4="Février","02_Février",IF(B4="Mars","03_Mars",IF(B4="Avril","04_Avril",IF(B4="Mai","05_Mai",IF(B4="Juin","06_Juin",IF(B4="Juillet","07_Juillet",IF(B4="Août","08_Août",IF(B4="Septembre","09_Septembre",IF(B4="Octobre","10_Octobre",IF(B4="Novembre","11_Novembre","12_Décembre"))))))))))),"!H6")) -> 3 | I12: =INDIRECT(CONCATENATE(IF(B4="Janvier","01_Janvier",IF(B4="Février","02_Février",IF(B4="Mars","03_Mars",IF(B4="Avril","04_Avril",IF(B4="Mai","05_Mai",IF(B4="Juin","06_Juin",IF(B4="Juillet","07_Juillet",IF(B4="Août","08_Août",IF(B4="Septembre","09_Septembre",IF(B4="Octobre","10_Octobre",IF(B4="Novembre","11_Novembre","12_Décembre"))))))))))),"!I6")) -> 0 | J12: =INDIRECT(CONCATENATE(IF(B4="Janvier","01_Janvier",IF(B4="Février","02_Février",IF(B4="Mars","03_Mars",IF(B4="Avril","04_Avril",IF(B4="Mai","05_Mai",IF(B4="Juin","06_Juin",IF(B4="Juillet","07_Juillet",IF(B4="Août","08_Août",IF(B4="Septembre","09_Septembre",IF(B4="Octobre","10_Octobre",IF(B4="Novembre","11_Novembre","12_Décembre"))))))))))),"!J6")) -> 0
A13: =INDIRECT(CONCATENATE(IF(B4="Janvier","01_Janvier",IF(B4="Février","02_Février",IF(B4="Mars","03_Mars",IF(B4="Avril","04_Avril",IF(B4="Mai","05_Mai",IF(B4="Juin","06_Juin",IF(B4="Juillet","07_Juillet",IF(B4="Août","08_Août",IF(B4="Septembre","09_Septembre",IF(B4="Octobre","10_Octobre",IF(B4="Novembre","11_Novembre","12_Décembre"))))))))))),"!A7")) -> Michel Bernard | B13: =INDIRECT(CONCATENATE(IF(B4="Janvier","01_Janvier",IF(B4="Février","02_Février",IF(B4="Mars","03_Mars",IF(B4="Avril","04_Avril",IF(B4="Mai","05_Mai",IF(B4="Juin","06_Juin",IF(B4="Juillet","07_Juillet",IF(B4="Août","08_Août",IF(B4="Septembre","09_Septembre",IF(B4="Octobre","10_Octobre",IF(B4="Novembre","11_Novembre","12_Décembre"))))))))))),"!B7")) -> 2900 | C13: =INDIRECT(CONCATENATE(IF(B4="Janvier","01_Janvier",IF(B4="Février","02_Février",IF(B4="Mars","03_Mars",IF(B4="Avril","04_Avril",IF(B4="Mai","05_Mai",IF(B4="Juin","06_Juin",IF(B4="Juillet","07_Juillet",IF(B4="Août","08_Août",IF(B4="Septembre","09_Septembre",IF(B4="Octobre","10_Octobre",IF(B4="Novembre","11_Novembre","12_Décembre"))))))))))),"!C7")) -> 190 | D13: =INDIRECT(CONCATENATE(IF(B4="Janvier","01_Janvier",IF(B4="Février","02_Février",IF(B4="Mars","03_Mars",IF(B4="Avril","04_Avril",IF(B4="Mai","05_Mai",IF(B4="Juin","06_Juin",IF(B4="Juillet","07_Juillet",IF(B4="Août","08_Août",IF(B4="Septembre","09_Septembre",IF(B4="Octobre","10_Octobre",IF(B4="Novembre","11_Novembre","12_Décembre"))))))))))),"!D7")) -> 16 | E13: =INDIRECT(CONCATENATE(IF(B4="Janvier","01_Janvier",IF(B4="Février","02_Février",IF(B4="Mars","03_Mars",IF(B4="Avril","04_Avril",IF(B4="Mai","05_Mai",IF(B4="Juin","06_Juin",IF(B4="Juillet","07_Juillet",IF(B4="Août","08_Août",IF(B4="Septembre","09_Septembre",IF(B4="Octobre","10_Octobre",IF(B4="Novembre","11_Novembre","12_Décembre"))))))))))),"!E7")) -> 3 | F13: =INDIRECT(CONCATENATE(IF(B4="Janvier","01_Janvier",IF(B4="Février","02_Février",IF(B4="Mars","03_Mars",IF(B4="Avril","04_Avril",IF(B4="Mai","05_Mai",IF(B4="Juin","06_Juin",IF(B4="Juillet","07_Juillet",IF(B4="Août","08_Août",IF(B4="Septembre","09_Septembre",IF(B4="Octobre","10_Octobre",IF(B4="Novembre","11_Novembre","12_Décembre"))))))))))),"!F7")) -> 4 | G13: =INDIRECT(CONCATENATE(IF(B4="Janvier","01_Janvier",IF(B4="Février","02_Février",IF(B4="Mars","03_Mars",IF(B4="Avril","04_Avril",IF(B4="Mai","05_Mai",IF(B4="Juin","06_Juin",IF(B4="Juillet","07_Juillet",IF(B4="Août","08_Août",IF(B4="Septembre","09_Septembre",IF(B4="Octobre","10_Octobre",IF(B4="Novembre","11_Novembre","12_Décembre"))))))))))),"!G7")) -> 2 | H13: =INDIRECT(CONCATENATE(IF(B4="Janvier","01_Janvier",IF(B4="Février","02_Février",IF(B4="Mars","03_Mars",IF(B4="Avril","04_Avril",IF(B4="Mai","05_Mai",IF(B4="Juin","06_Juin",IF(B4="Juillet","07_Juillet",IF(B4="Août","08_Août",IF(B4="Septembre","09_Septembre",IF(B4="Octobre","10_Octobre",IF(B4="Novembre","11_Novembre","12_Décembre"))))))))))),"!H7")) -> 1 | I13: =INDIRECT(CONCATENATE(IF(B4="Janvier","01_Janvier",IF(B4="Février","02_Février",IF(B4="Mars","03_Mars",IF(B4="Avril","04_Avril",IF(B4="Mai","05_Mai",IF(B4="Juin","06_Juin",IF(B4="Juillet","07_Juillet",IF(B4="Août","08_Août",IF(B4="Septembre","09_Septembre",IF(B4="Octobre","10_Octobre",IF(B4="Novembre","11_Novembre","12_Décembre"))))))))))),"!I7")) -> 1 | J13: =INDIRECT(CONCATENATE(IF(B4="Janvier","01_Janvier",IF(B4="Février","02_Février",IF(B4="Mars","03_Mars",IF(B4="Avril","04_Avril",IF(B4="Mai","05_Mai",IF(B4="Juin","06_Juin",IF(B4="Juillet","07_Juillet",IF(B4="Août","08_Août",IF(B4="Septembre","09_Septembre",IF(B4="Octobre","10_Octobre",IF(B4="Novembre","11_Novembre","12_Décembre"))))))))))),"!J7")) -> 1
A15: CALCULS DÉTAILLÉS
A16: Nom | B16: % Appels | C16: % RDV | D16: % Abonnements | E16: Bonus Site | F16: Bonus Archivage | G16: Bonus Full | H16: Pénalités Abs | I16: Pénalités Réun | J16: TOTAL Bonus/Pén
A17: =A9 -> Ekobo Berthe | B17: =IF(C9>=Paramètres!$B$4,MIN(C9/Paramètres!$B$3,1),0) -> 0 | C17: =MIN(D9/Paramètres!B5,1) -> 0.625 | D17: =MIN(((E9*1)+(F9*Paramètres!B7))/Paramètres!B6,1) -> 0.35 | E17: =G9*0.1*$B$9 -> 0 | F17: =H9*0.1*$B$9 -> 0 | G17: =IF(AND(E9+F9>=1,G9>=1,H9>=1),B9*Paramètres!$B$8,0) -> 0 | H17: =I9*B9*Paramètres!$B$9 -> 0 | I17: =J9*B9*Paramètres!$B$10 -> 0 | J17: =E17+F17+G17-H17-I17 -> 0
A18: =A10 -> Marie Martin | B18: =IF(C10>=Paramètres!B4,MIN(C10/Paramètres!B3,1),0) -> 1 | C18: =MIN(D10/Paramètres!B5,1) -> 1 | D18: =MIN(((E10*1)+(F10*Paramètres!B7))/Paramètres!B6,1) -> 1 | E18: =G10*0.1*$B$9 -> 15000 | F18: =H10*0.1*$B$9 -> 10000 | G18: =IF(AND(E10+F10>=1,G10>=1,H10>=1),B10*Paramètres!$B$8,0) -> 800 | H18: =I10*B10*Paramètres!$B$9 -> 0 | I18: =J10*B10*Paramètres!$B$10 -> 64 | J18: =E18+F18+G18-H18-I18 -> 25736
A19: =A11 -> Pierre Durand | B19: =IF(C11>=Paramètres!B4,MIN(C11/Paramètres!B3,1),0) -> 0.8 | C19: =MIN(D11/Paramètres!B5,1) -> 0.75 | D19: =MIN(((E11*1)+(F11*Paramètres!B7))/Paramètres!B6,1) -> 0.8 | E19: =G11*0.1*$B$9 -> 5000 | F19: =H11*0.1*$B$9 -> 5000 | G19: =IF(AND(E11+F11>=1,G11>=1,H11>=1),B11*Paramètres!$B$8,0) -> 700 | H19: =I11*B11*Paramètres!$B$9 -> 560 | I19: =J11*B11*Paramètres!$B$10 -> 56 | J19: =E19+F19+G19-H19-I19 -> 10084
A20: =A12 -> Sophie Leroy | B20: =IF(C12>=Paramètres!B4,MIN(C12/Paramètres!B3,1),0) -> 1 | C20: =MIN(D12/Paramètres!B5,1) -> 1 | D20: =MIN(((E12*1)+(F12*Paramètres!B7))/Paramètres!B6,1) -> 1 | E20: =G12*0.1*$B$9 -> 20000 | F20: =H12*0.1*$B$9 -> 15000 | G20: =IF(AND(E12+F12>=1,G12>=1,H12>=1),B12*Paramètres!$B$8,0) -> 875 | H20: =I12*B12*Paramètres!$B$9 -> 0 | I20: =J12*B12*Paramètres!$B$10 -> 0 | J20: =E20+F20+G20-H20-I20 -> 35875
A21: =INDIRECT(CONCATENATE(IF(B12="Janvier","01_Janvier",IF(B12="Février","02_Février",IF(B12="Mars","03_Mars",IF(B12="Avril","04_Avril",IF(B12="Mai","05_Mai",IF(B12="Juin","06_Juin",IF(B12="Juillet","07_Juillet",IF(B12="Août","08_Août",IF(B12="Septembre","09_Septembre",IF(B12="Octobre","10_Octobre",IF(B12="Novembre","11_Novembre","12_Décembre"))))))))))),"!A7")) -> Michel Bernard | B21: =IF(C13>=Paramètres!B5,MIN(C13/Paramètres!B4,1),0) -> 1 | C21: =MIN(D13/Paramètres!B5,1) -> 1 | D21: =MIN(((E13*1)+(F13*Paramètres!B7))/Paramètres!B6,1) -> 1 | E21: =G13*0.1*$B$9 -> 10000 | F21: =H13*0.1*$B$9 -> 5000 | G21: =IF(AND(E13+F13>=1,G13>=1,H13>=1),B13*Paramètres!$B$8,0) -> 725 | H21: =I13*B13*Paramètres!$B$9 -> 290 | I21: =J13*B13*Paramètres!$B$10 -> 58 | J21: =E21+F21+G21-H21-I21 -> 15377
A23: SALAIRES FINAUX
A24: Nom | B24: Salaire de Base | C24: Prime Appels | D24: Prime RDV | E24: Prime Abonnements | F24: Total Bonus/Pén | G24: SALAIRE NET
A25: =A9 -> Ekobo Berthe | B25: =B9 -> 50000 | C25: =B17*B9*0.2 -> 0 | D25: =C17*B9*0.2 -> 6250 | E25: =D17*B9*0.4 -> 7000 | F25: =J17 -> 0 | G25: =C25+D25+E25+F25 -> 13250
A26: =A10 -> Marie Martin | B26: =B10 -> 3200 | C26: =B18*B10*0.2 -> 640 | D26: =C18*B10*0.2 -> 640 | E26: =D18*B10*0.4 -> 1280 | F26: =J18 -> 25736 | G26: =C26+D26+E26+F26 -> 28296
A27: =A11 -> Pierre Durand | B27: =B11 -> 2800 | C27: =B19*B11*0.2 -> 448 | D27: =C19*B11*0.2 -> 420 | E27: =D19*B11*0.4 -> 896 | F27: =J19 -> 10084 | G27: =C27+D27+E27+F27 -> 11848
A28: =A12 -> Sophie Leroy | B28: =B12 -> 3500 | C28: =B20*B12*0.2 -> 700 | D28: =C20*B12*0.2 -> 700 | E28: =D20*B12*0.4 -> 1400 | F28: =J20 -> 35875 | G28: =C28+D28+E28+F28 -> 38675
A29: =A13 -> Michel Bernard | B29: =B13 -> 2900 | C29: =B21*B13*0.2 -> 580 | D29: =C21*B13*0.2 -> 580 | E29: =D21*B13*0.4 -> 1160 | F29: =J21 -> 15377 | G29: =C29+D29+E29+F29 -> 17697
A30: NOTE: Les calculs sont basés sur les paramètres définis dans l'onglet 'Paramètres'
